"type","bibliographicCitation","collectionID","datasetID","institutionCode","collectionCode","datasetName","basisOfRecord","catalogNumber","recordNumber","recordedBy","occurrenceRemarks","eventDate","year","month","day","verbatimEventDate","habitat","fieldNotes","country","countryCode","stateProvince","county","municipality","locality","verbatimLocality","verbatimElevation","decimalLatitude","decimalLongitude","coordinatePrecision","verbatimLatitude","verbatimLongitude","typeStatus","identifiedBy","dateIdentified","identificationRemarks","scientificName","class","order","family","genus","taxonRank","scientificNameAuthorship","taxonomicStatus","latitude","longitude","acceptedScientificName","dayIdentified","monthIdentified","yearIdentified","verbatimScientificName","species","taxonID","geodeticDatum","associatedMedia","virtualDuplicates","duplicates","barcode","downloadedFrom","collectionCode.new","collectionObs","recordedBy.new","recordNumber.new","year.new","identifiedBy.new","yearIdentified.new","recordedBy.aux","last.name","identifiedBy.aux","country.new","stateProvince.new","municipality.new","locality.new","locality.scrap","resol.orig","loc","loc.correct","latitude.gazetteer","longitude.gazetteer","resolution.gazetteer","recordID","scientificName.new","scientificNameAuthorship.new","scientificNameStatus","suggestedFamily","suggestedName","suggestedAuthorship","taxon.rank","tax.notes","id","accepted.tax.name","accepted.tax.authorship","scientificNameFull","genus.new","family.new","loc.correct.admin","country.correct","stateProvince.correct","municipality.correct","locality.correct","source.loc","coord.check","decimalLatitude.new","decimalLongitude.new","origin.coord","precision.coord","tax.check","species.new","loc.check","geo.check","cult.check","out.check","dist.check","dist.check.obs","numTombo","dup.ID","dup.numb","dup.prop","ref.spec.tax","ref.spec.geo","ref.spec.loc","selectionCategory","confidenceLocality","Nome_UC"
,,,,"UNIVILLE","JOI",,"PRESERVED_SPECIMEN","20679","4537",,"<nO>Flores Masculinas Brancas Habito: Trepadeira</nO>",,"2018","8","29",,,"<nO>Flores Masculinas Brancas Habito: Trepadeira</nO>","Brasil",,"São Paulo","São Paulo","São Paulo","Parque Natural Municipal Cabeceiras do Aricanduva",,,"-23.540001","-46.630001","53584",,,,"S.J.De Sordi","2019-4-  12",,"Baccharis anomala",,,"Asteraceae","Baccharis",,,,"-23.540001","-46.630001",,"12","4","2019",,"anomala",,,,,,"JOI023760","Splink","JOI",,,"4537","2018","Sordi, S.J.",,,,,"brazil","sao paulo","sao paulo","parque natural municipal cabeceiras do aricanduva",,"locality","brazil_sao paulo_sao paulo","brazil_sao paulo_sao paulo",-23.65041685,-46.64802516,"county",1225451,"Baccharis anomala","DC.","possibly_ok","Asteraceae","Baccharis anomala","DC.","species","name accepted","bfo-5155",,,"Baccharis anomala DC.","Baccharis","Asteraceae","brazil_sao paulo_sao paulo","Brazil","São Paulo","São Paulo",,"ibge",TRUE,-23.540001,-46.630001,"coord_original","miliseconds","high","Baccharis anomala","check_local.2municip.","ok_county",,FALSE,"ok_dist","full_name_match","JOI_20679","JOI_20679|PMSP_19503","1","0.25","PMSP_19503","JOI_20679","JOI_20679","plantr_exact","High","PARQUE NATURAL MUNICIPAL CABECEIRAS DO ARICANDUVA"
,,,,"UFABC","HUFABC",,"PRESERVED_SPECIMEN","002572","4294",,"<nO>Duplicata do PMSP 19882; Arvoreta, 2 m alt., flores brancas.</nO>",,"2018","6","06",,,"<nO>Duplicata do PMSP 19882; Arvoreta, 2 m alt., flores brancas.</nO>","Brasil",,"São Paulo","São Paulo","São Paulo","Parque Natural Municipal Cabeceiras do Aricanduva, Linha do oleoduto. Antes da implantação do parque. Campo antrópico.",,,"-23.540001","-46.630001","53584","0","0",,"De Sordi, S J","2019-07-  31",,"Vernonanthura hilairiana",,,"Asteraceae","Vernonanthura",,,,"-23.540001","-46.630001",,"31","07","2019",,"hilairiana",,,,,,"HUFABC002572","Splink","HUFABC",,,"4294","2018","Sordi, S.J.","2019",,,,"brazil","sao paulo","sao paulo","parque natural municipal cabeceiras do aricanduva, antes da implantacao do parque","parque natural municipal cabeceiras do aricanduva","locality","brazil_sao paulo_sao paulo","brazil_sao paulo_sao paulo",-23.65041685,-46.64802516,"county",1176138,"Vernonanthura hilairiana","(Gardner) A.J.Vega & M.Dematt.","possibly_ok","Asteraceae","Vernonanthura hilairiana","(Gardner) A.J.Vega & M.Dematt.","species","name accepted","bfo-613395",,,"Vernonanthura hilairiana (Gardner) A.J.Vega & M.Dematt.","Vernonanthura","Asteraceae","brazil_sao paulo_sao paulo","Brazil","São Paulo","São Paulo",,"ibge",TRUE,-23.540001,-46.630001,"coord_original","miliseconds","high","Vernonanthura hilairiana","check_local.2municip.","ok_county",,FALSE,"ok_dist","full_name_match","HUFABC_2572",,"0","0",,,,"plantr_exact","High","PARQUE NATURAL MUNICIPAL CABECEIRAS DO ARICANDUVA"
,,"https://specieslink.net/col/204",,"UEFS","HUEFS",,"PRESERVED_SPECIMEN","264297","4821","Garcia, R.J.F.",,"2022-01-26","2022","1","26",,,,"Brasil","BR","São Paulo",,"São Paulo","Parque Natural Municipal Cabeceiras do Aricanduva, N. Cid. Tiradentes. Antes da implantação do parque.",,,,,,,,,"S.J.de Sordi","2022-02-01",,"Campovassouria cruciata (Vell.) R.M.King & H.Rob.","Magnoliopsida","Asterales","Asteraceae","Campovassouria","species","(Vell.) R.M.King & H.Rob.","ACCEPTED",,,"Campovassouria cruciata (Vell.) R.M.King & H.Rob.",,,,"Campovassouria cruciata","Campovassouria cruciata",,"WGS84","https://images.cria.org.br/viewer/HUEFS0264297",,,,"GBIF","HUEFS",,"Garcia, R.J.F.","4821","2022","Sordi, S.J.","2022",,"Garcia",,"brazil","sao paulo","sao paulo","parque natural municipal cabeceiras do aricanduva, antes da implantacao do parque","parque natural municipal cabeceiras do aricanduva","locality","brazil_sao paulo_sao paulo","brazil_sao paulo_sao paulo",-23.65041685,-46.64802516,"county",687354,"Campovassouria cruciata","(Vell.) R.M.King & H.Rob.","name_w_authors","Asteraceae","Campovassouria cruciata","(Vell.) R.M.King & H.Rob.","species","name accepted","bfo-26931",,,"Campovassouria cruciata (Vell.) R.M.King & H.Rob.","Campovassouria","Asteraceae","brazil_sao paulo_sao paulo","Brazil","São Paulo","São Paulo",,"ibge",TRUE,-23.65041685,-46.64802516,"coord_gazet","seconds_centroid","high","Campovassouria cruciata","check_local.2municip.","ok_county_gazet",,FALSE,"ok_dist","full_name_match","HUEFS_264297",,"0","0",,,,"plantr_exact","High","PARQUE NATURAL MUNICIPAL CABECEIRAS DO ARICANDUVA"
,"Herbário Virtual REFLORA Disponível em: http://herbariovirtualreflora.jbrj.gov.br/reflora/herbarioVirtual/ConsultaPublicoHVUC/ConsultaPublicoHVUC.do?idTestemunho=5448301",,,"PMSP","PMSP",,"PRESERVED_SPECIMEN","PMSP020067","4697","R.J.F.Garcia;R.J.F. Garcia,G.B.Amaral,G.B. Amaral",,"2019-09-23","2019","9","23","2019-09-23",,,"Brasil","BR","São Paulo",,"São Paulo","Parque Natural Municipal Cabeceiras do Aricanduva",,,,,,,,,"E.H.P. Barretto",,,"Nectandra oppositifolia Nees & Mart. ex Nees","Magnoliopsida","Laurales","Lauraceae","Nectandra","species","Nees","ACCEPTED",,,"Nectandra oppositifolia Nees & Mart. ex Nees",,,,"Nectandra oppositifolia Nees","Nectandra oppositifolia",,,"jbrj-public.s3.amazonaws.com/fsi/server?type=image&source=DZI/pmsp/pmsp/0/2/0/67/pmsp00020067.dzi",,,,"GBIF","PMSP",,"Garcia, R.J.F.","4697","2019","Barretto, E.H.P.","2019","Garcia, R.J.F.; Amaral, G.B.; Amaral, G.B.","Garcia",,"brazil","sao paulo","sao paulo","parque natural municipal cabeceiras do aricanduva",,"municipality","brazil_sao paulo_sao paulo","brazil_sao paulo_sao paulo",-23.65041685,-46.64802516,"county",439922,"Nectandra oppositifolia","Nees & Mart.","name_w_authors","Lauraceae","Nectandra oppositifolia","Nees & Mart.","species","author misspelled","bfo-8434",,,"Nectandra oppositifolia Nees & Mart.","Nectandra","Lauraceae","brazil_sao paulo_sao paulo","Brazil","São Paulo","São Paulo",,"ibge",TRUE,-23.540001,-46.630001,"coord_original","miliseconds","high","Nectandra oppositifolia","check_local.2municip.","ok_county",,FALSE,"ok_dist","full_name_match","PMSP_20067","MBM_448020|PMSP_20067","4","1","MBM_448020","MBM_448020","MBM_448020","plantr_exact","High","PARQUE NATURAL MUNICIPAL CABECEIRAS DO ARICANDUVA"
,,"https://specieslink.net/col/634",,"UFABC","HUFABC",,"PRESERVED_SPECIMEN","002324","4377","Garcia, RJF; Santos, EJ; et al.",,"2018-07-11","2018","7","11",,,,"Brasil","BR","Sp",,"São Paulo","Parque Natural Municipal Cabeceiras do Aricanduva., Campo. 908 metros acima do mar.",,,"-24.039506","-46.668211",,,,,"De Sordi, SJ","2022-02-15",,"Lepidaploa muricata (DC.) H.Rob.","Magnoliopsida","Asterales","Asteraceae","Lepidaploa","species","(DC.) H.Rob.","ACCEPTED",,,"Lepidaploa muricata (DC.) H.Rob.",,,,"Lepidaploa muricata","Lepidaploa muricata",,"WGS84","https://images.cria.org.br/viewer/HUFABC002324",,,,"GBIF","HUFABC",,"Garcia, R.J.F.","4377","2018","Sordi, S.J.","2022","Santos, E.J.","Garcia",,"brazil","sao paulo","sao paulo","parque natural municipal cabeceiras do aricanduva",,"locality","brazil_sao paulo_sao paulo","brazil_sao paulo_sao paulo",-23.65041685,-46.64802516,"county",697675,"Lepidaploa muricata","(DC.) H.Rob.","name_w_authors","Asteraceae","Lepidaploa muricata","(DC.) H.Rob.","species","name accepted","bfo-27143",,,"Lepidaploa muricata (DC.) H.Rob.","Lepidaploa","Asteraceae","brazil_sao paulo_sao paulo","Brazil","São Paulo","São Paulo",,"ibge",TRUE,-24.039506,-46.668211,"coord_original","miliseconds","high","Lepidaploa muricata","check_local.2municip.","ok_state",,FALSE,"ok_dist","full_name_match","HUFABC_2324","HUFABC_2324[virtual]","1","0.25","HUFABC_2324","HUFABC_2324","HUFABC_2324","plantr_exact","High","PARQUE NATURAL MUNICIPAL CABECEIRAS DO ARICANDUVA"
,,"https://specieslink.net/col/204",,"UEFS","HUEFS",,"PRESERVED_SPECIMEN","264313","4381","Garcia, R.J.F.",,"2018-07-11","2018","7","11",,,,"Brasil","BR","São Paulo",,"São Paulo","Parque Natural Municipal Cabeceiras do Aricanduva.",,,"-23.622222","-46.400556",,,,,"S.J.de Sordi","2020-07-01",,"Lessingianthus brevipetiolatus (Sch.Bip. ex Baker) H.Rob.","Magnoliopsida","Asterales","Asteraceae","Lessingianthus","species","(Sch.Bip. ex Baker) H.Rob.","ACCEPTED",,,"Lessingianthus brevipetiolatus (Sch.Bip. ex Baker) H.Rob.",,,,"Lessingianthus brevipetiolatus","Lessingianthus brevipetiolatus",,"WGS84","https://images.cria.org.br/viewer/HUEFS0264313",,,,"GBIF","HUEFS",,"Garcia, R.J.F.","4381","2018","Sordi, S.J.","2020",,"Garcia",,"brazil","sao paulo","sao paulo","parque natural municipal cabeceiras do aricanduva",,"locality","brazil_sao paulo_sao paulo","brazil_sao paulo_sao paulo",-23.65041685,-46.64802516,"county",687451,"Lessingianthus brevipetiolatus","(Sch.Bip. ex Baker) H.Rob.","name_w_authors","Asteraceae","Lessingianthus brevipetiolatus","(Sch.Bip. ex Baker) H.Rob.","species","name accepted","bfo-27168",,,"Lessingianthus brevipetiolatus (Sch.Bip. ex Baker) H.Rob.","Lessingianthus","Asteraceae","brazil_sao paulo_sao paulo","Brazil","São Paulo","São Paulo",,"ibge",TRUE,-23.622222,-46.400556,"coord_original","seconds","high","Lessingianthus brevipetiolatus","check_local.2municip.","ok_state",,FALSE,"ok_dist","full_name_match","HUEFS_264313",,"0","0",,,,"plantr_exact","High","PARQUE NATURAL MUNICIPAL CABECEIRAS DO ARICANDUVA"
,,"https://specieslink.net/col/204",,"UEFS","HUEFS",,"PRESERVED_SPECIMEN","263720","4526","Garcia, R.J.F.",,"2018-08-29","2018","8","29",,,,"Brasil","BR","São Paulo",,"São Paulo","Parque Natural Municipal Cabeceiras do Aricanduva.",,,"-23.625833","-46.411111",,,,,"S.J.de Sordi","2019-07-01",,"Austrocritonia velutina (Gardner) R.M.King & H.Rob.","Magnoliopsida","Asterales","Asteraceae","Austrocritonia","species","(Gardner) R.M.King & H.Rob.","ACCEPTED",,,"Austrocritonia velutina (Gardner) R.M.King & H.Rob.",,,,"Austrocritonia velutina","Austrocritonia velutina",,"WGS84",,,,,"GBIF","HUEFS",,"Garcia, R.J.F.","4526","2018","Sordi, S.J.","2019",,"Garcia",,"brazil","sao paulo","sao paulo","parque natural municipal cabeceiras do aricanduva",,"locality","brazil_sao paulo_sao paulo","brazil_sao paulo_sao paulo",-23.65041685,-46.64802516,"county",687526,"Austrocritonia velutina","(Gardner) R.M.King & H.Rob.","name_w_authors","Asteraceae","Austrocritonia velutina","(Gardner) R.M.King & H.Rob.","species","name accepted","bfo-26847",,,"Austrocritonia velutina (Gardner) R.M.King & H.Rob.","Austrocritonia","Asteraceae","brazil_sao paulo_sao paulo","Brazil","São Paulo","São Paulo",,"ibge",TRUE,-23.625833,-46.411111,"coord_original","seconds","high","Austrocritonia velutina","check_local.2municip.","ok_county",,FALSE,"ok_dist","full_name_match","HUEFS_263720",,"0","0",,,,"plantr_exact","High","PARQUE NATURAL MUNICIPAL CABECEIRAS DO ARICANDUVA"
,,"https://specieslink.net/col/634",,"UFABC","HUFABC",,"PRESERVED_SPECIMEN","001246","74","Pascalicchio, FF",,"2018-04-18","2018","4","18",,,,"Brasil","BR","São Paulo",,"São Paulo","Parque Natural Municipal Cabeceiras do Aricanduva",,,"-23.616667","-46.401389",,,,,"Santos, MF","2018-05-01",,"Myrcia eriopus Mart. ex DC.","Magnoliopsida","Myrtales","Myrtaceae","Myrcia","species","DC.","ACCEPTED",,,"Myrcia eriopus Mart. ex DC.",,,,"Myrcia eriopus","Myrcia eriopus",,"WGS84","https://images.cria.org.br/viewer/HUFABC001246",,,,"GBIF","HUFABC",,"Pascalicchio, F.F.","74","2018","Santos, M.F.","2018",,"Pascalicchio",,"brazil","sao paulo","sao paulo","parque natural municipal cabeceiras do aricanduva",,"locality","brazil_sao paulo_sao paulo","brazil_sao paulo_sao paulo",-23.65041685,-46.64802516,"county",697203,"Myrcia eriopus","DC.","name_w_authors","Myrtaceae","Myrcia eriopus","DC.","species","author misspelled","bfo-10685",,,"Myrcia eriopus DC.","Myrcia","Myrtaceae","brazil_sao paulo_sao paulo","Brazil","São Paulo","São Paulo",,"ibge",TRUE,-23.616667,-46.401389,"coord_original","minutes","high","Myrcia eriopus","check_local.2municip.","ok_county",,FALSE,"ok_dist","full_name_match","HUFABC_1246","HUFABC_1246[virtual]","1","0.25","HUFABC_1246","HUFABC_1246","HUFABC_1246","plantr_exact","High","PARQUE NATURAL MUNICIPAL CABECEIRAS DO ARICANDUVA"
,"Herbário Virtual REFLORA Disponível em: http://herbariovirtualreflora.jbrj.gov.br/reflora/herbarioVirtual/ConsultaPublicoHVUC/ConsultaPublicoHVUC.do?idTestemunho=5447531",,,"PMSP","PMSP",,"PRESERVED_SPECIMEN","PMSP018879","4653","R.J.F.Garcia;E.H.P.Barretto,G.B.Amaral,A.V.MarchettiJr.,G.R.Brunassi,A.V.Marchetti Jr.",,"2018-12-05","2018","12","5","2018-12-05",,,"Brasil","BR","São Paulo",,"São Paulo","Parque Natural Municipal Cabeceiras do Aricanduva",,,,,,,,,"E.H.P.Barretto",,,"Cryptocarya saligna Mez","Magnoliopsida","Laurales","Lauraceae","Cryptocarya","species","Mez","ACCEPTED",,,"Cryptocarya saligna Mez",,,,"Cryptocarya saligna Mez","Cryptocarya saligna",,,"jbrj-public.s3.amazonaws.com/fsi/server?type=image&source=DZI/pmsp/pmsp/0/1/88/79/pmsp00018879.dzi",,,,"GBIF","PMSP",,"Garcia, R.J.F.","4653","2018","Barretto, E.H.P.","2018","Barretto, E.H.P.; Amaral, G.B.; A.v.marchetti Junior, G.R.B.; Marchetti Junior, A.V.","Garcia",,"brazil","sao paulo","sao paulo","parque natural municipal cabeceiras do aricanduva",,"municipality","brazil_sao paulo_sao paulo","brazil_sao paulo_sao paulo",-23.65041685,-46.64802516,"county",440315,"Cryptocarya saligna","Mez","name_w_authors","Lauraceae","Cryptocarya saligna","Mez","species","name accepted","bfo-8410",,,"Cryptocarya saligna Mez","Cryptocarya","Lauraceae","brazil_sao paulo_sao paulo","Brazil","São Paulo","São Paulo",,"ibge",TRUE,-23.540001,-46.630001,"coord_original","miliseconds","high","Cryptocarya saligna","check_local.2municip.","ok_county",,FALSE,"ok_dist","full_name_match","PMSP_18879","MBM_448004|PMSP_18879","3","0.75","MBM_448004","MBM_448004","MBM_448004","plantr_exact","High","PARQUE NATURAL MUNICIPAL CABECEIRAS DO ARICANDUVA"
,,,,"UFABC","HUFABC",,"PRESERVED_SPECIMEN","002372","4574",,"<nO>arvoreta 2m, fruto verdes.</nO>",,"2018","10","03",,,"<nO>arvoreta 2m, fruto verdes.</nO>","Brasil",,"São Paulo","São Paulo","São Paulo","Parque Natural Municipal Cabeceiras do Aricanduva,",,,"-23.540001","-46.630001","53584","0","0",,"Barretto, EHP","2018-10-  30",,"Miconia pusilliflora",,,"Melastomataceae","Miconia",,,,"-23.540001","-46.630001",,"30","10","2018",,"pusilliflora",,,,,,"HUFABC002372","Splink","HUFABC",,,"4574","2018","Barretto, E.H.P.","2018",,,,"brazil","sao paulo","sao paulo","parque natural municipal cabeceiras do aricanduva",,"locality","brazil_sao paulo_sao paulo","brazil_sao paulo_sao paulo",-23.65041685,-46.64802516,"county",1175877,"Miconia pusilliflora","(DC.) Naudin","possibly_ok","Melastomataceae","Miconia pusilliflora","(DC.) Naudin","species","name accepted","bfo-9754",,,"Miconia pusilliflora (DC.) Naudin","Miconia","Melastomataceae","brazil_sao paulo_sao paulo","Brazil","São Paulo","São Paulo",,"ibge",TRUE,-23.540001,-46.630001,"coord_original","miliseconds","medium","Miconia pusilliflora","check_local.2municip.","ok_county",,FALSE,"ok_dist","full_name_match","HUFABC_2372",,"0","0",,,,"plantr_exact","High","PARQUE NATURAL MUNICIPAL CABECEIRAS DO ARICANDUVA"
,,,,"UFABC","HUFABC",,"PRESERVED_SPECIMEN","002376","4826",,"<nO>erva cespitosa, espiguetas pardas.</nO>",,"2022","1","26",,,"<nO>erva cespitosa, espiguetas pardas.</nO>","Brasil",,"São Paulo","São Paulo","São Paulo","Parque Natural Municipal Cabeceiras do Aricanduva,",,,"-23.540001","-46.630001","53584","0","0",,"Honda, S","2022-02-  22",,"Scleria distans",,,"Cyperaceae","Scleria",,,,"-23.540001","-46.630001",,"22","02","2022",,"distans",,,,,,"HUFABC002376","Splink","HUFABC",,,"4826","2022","Honda, S.","2022",,,,"brazil","sao paulo","sao paulo","parque natural municipal cabeceiras do aricanduva",,"locality","brazil_sao paulo_sao paulo","brazil_sao paulo_sao paulo",-23.65041685,-46.64802516,"county",1176064,"Scleria distans","Poir.","possibly_ok","Cyperaceae","Scleria distans","Poir.","species","name accepted","bfo-7297",,,"Scleria distans Poir.","Scleria","Cyperaceae","brazil_sao paulo_sao paulo","Brazil","São Paulo","São Paulo",,"ibge",TRUE,-23.540001,-46.630001,"coord_original","miliseconds","low","Scleria distans","check_local.2municip.","ok_county",,FALSE,"ok_dist","full_name_match","HUFABC_2376",,"0","0",,,,"plantr_exact","High","PARQUE NATURAL MUNICIPAL CABECEIRAS DO ARICANDUVA"
,,,,"UFABC","HUFABC",,"PRESERVED_SPECIMEN","003217","4251",,"<nO>Duplicata do Herbário da Prefeitura do Município de São Paulo. PMSP018889; Árvore, 4 m alt., frutos verdes. Vistoria conjunta com DEPAVE-2 e DEPAVE-3.; Mata</nO>",,"2018","3","27",,,"<nO>Duplicata do Herbário da Prefeitura do Município de São Paulo. PMSP018889; Árvore, 4 m alt., frutos verdes. Vistoria conjunta com DEPAVE-2 e DEPAVE-3.; Mata</nO>","Brasil",,"São Paulo","São Paulo","São Paulo","Parque Natural Municipal Cabeceiras do Aricanduva, Antes da implantação do parque.",,,"-23.540001","-46.630001","53584","0","0",,"Brunassi, GR","2019-01-NA",,"Solanum cinnamomeum",,,"Solonaceae","Solanum",,,,"-23.540001","-46.630001",,,"01","2019",,"cinnamomeum",,,,,,"HUFABC003217","Splink","HUFABC",,,"4251","2018","Brunassi, G.R.","2019",,,,"brazil","sao paulo","sao paulo","parque natural municipal cabeceiras do aricanduva, antes da implantacao do parque","parque natural municipal cabeceiras do aricanduva","locality","brazil_sao paulo_sao paulo","brazil_sao paulo_sao paulo",-23.65041685,-46.64802516,"county",873095,"Solanum cinnamomeum","Sendtn.","possibly_ok","Solanaceae","Solanum cinnamomeum","Sendtn.","species","name accepted","bfo-14748",,,"Solanum cinnamomeum Sendtn.","Solanum","Solanaceae","brazil_sao paulo_sao paulo","Brazil","São Paulo","São Paulo",,"ibge",TRUE,-23.540001,-46.630001,"coord_original","miliseconds","low","Solanum cinnamomeum","check_local.2municip.","ok_county",,FALSE,"ok_dist","full_name_match","HUFABC_3217",,"cc","cc",,,,"plantr_exact","High","PARQUE NATURAL MUNICIPAL CABECEIRAS DO ARICANDUVA"
,,,,"UFPE","UFP",,"PRESERVED_SPECIMEN","101033","4288",,,,"2018","6","06",,,,"Brasil",,"São Paulo","São Paulo","São Paulo","Parque Natural Municipal Cabeceiras do Aricanduva",,,"-23.621944","-46.402222",,"-23.621944","-46.402222",,"Barreto, EHP","2019-01-NA",,"Salpichlaena volubilis",,,"Blechnaceae","Salpichlaena",,,,"-23.621944","-46.402222",,,"01","2019",,"volubilis",,,,,,"UFP101033","Splink","UFP",,,"4288","2018","Barreto, E.H.P.","2019",,,,"brazil","sao paulo","sao paulo","parque natural municipal cabeceiras do aricanduva",,"locality","brazil_sao paulo_sao paulo","brazil_sao paulo_sao paulo",-23.65041685,-46.64802516,"county",984057,"Salpichlaena volubilis","(Kaulf.) J.Sm.","possibly_ok","Blechnaceae","Salpichlaena volubilis","(Kaulf.) J.Sm.","species","name accepted","bfo-90843",,,"Salpichlaena volubilis (Kaulf.) J.Sm.","Salpichlaena","Blechnaceae","brazil_sao paulo_sao paulo","Brazil","São Paulo","São Paulo",,"ibge",TRUE,-23.621944,-46.402222,"coord_original","seconds","low","Salpichlaena volubilis","check_local.2municip.","ok_state",,FALSE,"ok_dist","full_name_match","UFP_101033",,"cc","cc",,,,"plantr_exact","High","PARQUE NATURAL MUNICIPAL CABECEIRAS DO ARICANDUVA"
,,,,"UFABC","HUFABC",,"PRESERVED_SPECIMEN","002410","4524",,"<nO>erva rizomatosa, espiguetas verdes.</nO>",,"2018","8","29",,,"<nO>erva rizomatosa, espiguetas verdes.</nO>","Brasil",,"São Paulo","São Paulo","São Paulo","Parque Natural Municipal Cabeceiras do Aricanduva,",,,"-23.540001","-46.630001","53584","0","0",,"Honda, S","2018-10-   1",,"Parodiolyra micrantha",,,"Poaceae","Parodiolyra",,,,"-23.540001","-46.630001",,"1","10","2018",,"micrantha",,,,,,"HUFABC002410","Splink","HUFABC",,,"4524","2018","Honda, S.","2018",,,,"brazil","sao paulo","sao paulo","parque natural municipal cabeceiras do aricanduva",,"locality","brazil_sao paulo_sao paulo","brazil_sao paulo_sao paulo",-23.65041685,-46.64802516,"county",1175952,"Taquara micrantha","(Kunth) I.L.C.Oliveira & R.P.Oliveira","possibly_ok","Poaceae","Taquara micrantha","(Kunth) I.L.C.Oliveira & R.P.Oliveira","species","replaced synonym","bfo-616634","Taquara micrantha","(Kunth) I.L.C.Oliveira & R.P.Oliveira","Taquara micrantha (Kunth) I.L.C.Oliveira & R.P.Oliveira","Taquara","Poaceae","brazil_sao paulo_sao paulo","Brazil","São Paulo","São Paulo",,"ibge",TRUE,-23.540001,-46.630001,"coord_original","miliseconds","low","Taquara micrantha","check_local.2municip.","ok_county",,FALSE,"ok_dist","full_name_match","HUFABC_2410",,"0","0",,,,"plantr_exact","High","PARQUE NATURAL MUNICIPAL CABECEIRAS DO ARICANDUVA"
,,,,"UFABC","HUFABC",,"PRESERVED_SPECIMEN","002411","4374",,"<nO>árvore 6m, flor novas com margem roxa e base branca e estames brancos, flor velhas purpíreas.</nO>",,"2018","7","11",,,"<nO>árvore 6m, flor novas com margem roxa e base branca e estames brancos, flor velhas purpíreas.</nO>","Brasil",,"São Paulo","São Paulo","São Paulo","Parque Natural Municipal Cabeceiras do Aricanduva,",,,"-23.540001","-46.630001","53584","0","0",,"Honda, S","2018-10-   4",,"Tibouchina sellowiana",,,"Melastomataceae","Tibouchina",,,,"-23.540001","-46.630001",,"4","10","2018",,"sellowiana",,,,,,"HUFABC002411","Splink","HUFABC",,,"4374","2018","Honda, S.","2018",,,,"brazil","sao paulo","sao paulo","parque natural municipal cabeceiras do aricanduva",,"locality","brazil_sao paulo_sao paulo","brazil_sao paulo_sao paulo",-23.65041685,-46.64802516,"county",873124,"Pleroma sellowianum","(Cham.) P.J.F.Guim. & Michelang.","possibly_ok","Melastomataceae","Pleroma sellowianum","(Cham.) P.J.F.Guim. & Michelang.","species","replaced synonym","bfo-612277","Pleroma sellowianum","(Cham.) P.J.F.Guim. & Michelang.","Pleroma sellowianum (Cham.) P.J.F.Guim. & Michelang.","Pleroma","Melastomataceae","brazil_sao paulo_sao paulo","Brazil","São Paulo","São Paulo",,"ibge",TRUE,-23.540001,-46.630001,"coord_original","miliseconds","low","Pleroma sellowianum","check_local.2municip.","ok_county",,FALSE,"ok_dist","full_name_match","HUFABC_2411",,"0","0",,,,"plantr_exact","High","PARQUE NATURAL MUNICIPAL CABECEIRAS DO ARICANDUVA"
,,,,"UFABC","HUFABC",,"PRESERVED_SPECIMEN","002577","4671",,"<nO>Duplicata do PMSP 18866; Árvore, 12 m alt., frutos verdes a roxos (também coletados para cultivo).</nO>",,"2018","12","05",,,"<nO>Duplicata do PMSP 18866; Árvore, 12 m alt., frutos verdes a roxos (também coletados para cultivo).</nO>","Brasil",,"São Paulo","São Paulo","São Paulo","Parque Natural Municipal Cabeceiras do Aricanduva, Antes da implantação do parque. Mata.",,,"-23.540001","-46.630001","53584","0","0",,"Barreto, EHP","2018-12-NA",,"Miconia cabucu",,,"Melastomataceae","Miconia",,,,"-23.540001","-46.630001",,,"12","2018",,"cabucu",,,,,,"HUFABC002577","Splink","HUFABC",,,"4671","2018","Barreto, E.H.P.","2018",,,,"brazil","sao paulo","sao paulo","parque natural municipal cabeceiras do aricanduva, antes da implantacao do parque","parque natural municipal cabeceiras do aricanduva","locality","brazil_sao paulo_sao paulo","brazil_sao paulo_sao paulo",-23.65041685,-46.64802516,"county",1175873,"Miconia formosa","Cogn.","possibly_ok","Melastomataceae","Miconia formosa","Cogn.","species","replaced synonym","bfo-9706","Miconia formosa","Cogn.","Miconia formosa Cogn.","Miconia","Melastomataceae","brazil_sao paulo_sao paulo","Brazil","São Paulo","São Paulo",,"ibge",TRUE,-23.540001,-46.630001,"coord_original","miliseconds","low","Miconia formosa","check_local.2municip.","ok_county",,FALSE,"ok_dist","full_name_match","HUFABC_2577",,"0","0",,,,"plantr_exact","High","PARQUE NATURAL MUNICIPAL CABECEIRAS DO ARICANDUVA"
,,,,"UFABC","HUFABC",,"PRESERVED_SPECIMEN","002581","4668",,"<nO>Duplicata do PMSP 18865; Arbusto, 0,5 m alt., flores e frutos.</nO>",,"2018","12","05",,,"<nO>Duplicata do PMSP 18865; Arbusto, 0,5 m alt., flores e frutos.</nO>","Brasil",,"São Paulo","São Paulo","São Paulo","Parque Natural Municipal Cabeceiras do Aricanduva, Antes da implantação do parque. Borda de mata.",,,"-23.540001","-46.630001","53584","0","0",,"Barreto, EHP","2018-12-NA",,"Leandra australis",,,"Melastomataceae","Leandra",,,,"-23.540001","-46.630001",,,"12","2018",,"australis",,,,,,"HUFABC002581","Splink","HUFABC",,,"4668","2018","Barreto, E.H.P.","2018",,,,"brazil","sao paulo","sao paulo","parque natural municipal cabeceiras do aricanduva, antes da implantacao do parque","parque natural municipal cabeceiras do aricanduva","locality","brazil_sao paulo_sao paulo","brazil_sao paulo_sao paulo",-23.65041685,-46.64802516,"county",872715,"Leandra australis","(Cham.) Cogn.","possibly_ok","Melastomataceae","Leandra australis","(Cham.) Cogn.","species","name accepted","bfo-9507",,,"Leandra australis (Cham.) Cogn.","Leandra","Melastomataceae","brazil_sao paulo_sao paulo","Brazil","São Paulo","São Paulo",,"ibge",TRUE,-23.540001,-46.630001,"coord_original","miliseconds","low","Leandra australis","check_local.2municip.","ok_county",,FALSE,"ok_dist","full_name_match","HUFABC_2581",,"0","0",,,,"plantr_exact","High","PARQUE NATURAL MUNICIPAL CABECEIRAS DO ARICANDUVA"
,,"https://specieslink.net/col/634",,"UFABC","HUFABC",,"PRESERVED_SPECIMEN","002494","4300","Garcia, RJF; Souza, HHP; Santos, EJ; Amaral, GB",,"2018-06-06","2018","6","6",,,,"Brasil","BR","Sp",,"São Paulo","Parque Natural Municipal Cabeceiras do Aricanduva, Antes da implantação do parque. Campo.",,,"-23","-46",,,,,"Santos, LN","2019-08-06",,"Mimosa adenocarpa Benth.","Magnoliopsida","Fabales","Fabaceae","Mimosa","species","Benth.","ACCEPTED",,,"Mimosa adenocarpa Benth.",,,,"Mimosa adenocarpa","Mimosa adenocarpa",,"WGS84","https://images.cria.org.br/viewer/HUFABC002494",,,,"GBIF","HUFABC",,"Garcia, R.J.F.","4300","2018","Santos, L.N.","2019","Souza, H.H.P.; Santos, E.J.; Amaral, G.B.","Garcia",,"brazil","sao paulo","sao paulo","parque natural municipal cabeceiras do aricanduva, antes da implantacao do parque","parque natural municipal cabeceiras do aricanduva","locality","brazil_sao paulo_sao paulo","brazil_sao paulo_sao paulo",-23.65041685,-46.64802516,"county",697332,"Mimosa adenocarpa","Benth.","name_w_authors","Fabaceae","Mimosa adenocarpa","Benth.","species","name accepted","bfo-18759",,,"Mimosa adenocarpa Benth.","Mimosa","Fabaceae","brazil_sao paulo_sao paulo","Brazil","São Paulo","São Paulo",,"ibge",TRUE,-23,-46,"coord_original","miliseconds","low","Mimosa adenocarpa","check_local.2municip.","ok_state",,FALSE,"ok_dist","full_name_match","HUFABC_2494","HUFABC_2494[virtual]","1","0.25","HUFABC_2494","HUFABC_2494","HUFABC_2494","plantr_exact","High","PARQUE NATURAL MUNICIPAL CABECEIRAS DO ARICANDUVA"
,,"https://specieslink.net/col/634",,"UFABC","HUFABC",,"PRESERVED_SPECIMEN","002568","4320","Garcia, RJF; Souza, HHP; Santos, EJ; Amaral, GB",,"2018-06-06","2018","6","6",,,,"Brasil","BR","Sp",,"São Paulo","Parque Natural Municipal Cabeceiras do Aricanduva, Antes da implantação do parque.",,,"-23","-46",,,,,"Barreto, EHP","2018-12-01",,"Triumfetta semitriloba Jacq.","Magnoliopsida","Malvales","Malvaceae","Triumfetta","species","Jacq.","ACCEPTED",,,"Triumfetta semitriloba Jacq.",,,,"Triumfetta semitriloba","Triumfetta semitriloba",,"WGS84","https://images.cria.org.br/viewer/HUFABC002568",,,,"GBIF","HUFABC",,"Garcia, R.J.F.","4320","2018","Barreto, E.H.P.","2018","Souza, H.H.P.; Santos, E.J.; Amaral, G.B.","Garcia",,"brazil","sao paulo","sao paulo","parque natural municipal cabeceiras do aricanduva, antes da implantacao do parque","parque natural municipal cabeceiras do aricanduva","locality","brazil_sao paulo_sao paulo","brazil_sao paulo_sao paulo",-23.65041685,-46.64802516,"county",697239,"Triumfetta semitriloba","Jacq.","name_w_authors","Malvaceae","Triumfetta semitriloba","Jacq.","species","name accepted","bfo-9267",,,"Triumfetta semitriloba Jacq.","Triumfetta","Malvaceae","brazil_sao paulo_sao paulo","Brazil","São Paulo","São Paulo",,"ibge",TRUE,-23,-46,"coord_original","miliseconds","low","Triumfetta semitriloba","check_local.2municip.","ok_state",,FALSE,"ok_dist","full_name_match","HUFABC_2568","HUFABC_2568[virtual]","1","0.25","HUFABC_2568","HUFABC_2568","HUFABC_2568","plantr_exact","High","PARQUE NATURAL MUNICIPAL CABECEIRAS DO ARICANDUVA"
,,"https://specieslink.net/col/634",,"UFABC","HUFABC",,"PRESERVED_SPECIMEN","002566","4372","Garcia, RJF; Santos, EJ; Amaral, GB",,"2018-07-11","2018","7","11",,,,"Brasil","BR","Sp",,"São Paulo","Parque Natural Municipal Cabeceiras do Aricanduva, Antes da implantação do parque.",,,"-23","-46",,,,,"Honda, S","2018-07-31",,"Alternanthera brasiliana (L.) Kuntze","Magnoliopsida","Caryophyllales","Amaranthaceae","Alternanthera","species","(L.) Kuntze","ACCEPTED",,,"Alternanthera brasiliana (L.) Kuntze",,,,"Alternanthera brasiliana","Alternanthera brasiliana",,"WGS84","https://images.cria.org.br/viewer/HUFABC002566",,,,"GBIF","HUFABC",,"Garcia, R.J.F.","4372","2018","Honda, S.","2018","Santos, E.J.; Amaral, G.B.","Garcia",,"brazil","sao paulo","sao paulo","parque natural municipal cabeceiras do aricanduva, antes da implantacao do parque","parque natural municipal cabeceiras do aricanduva","locality","brazil_sao paulo_sao paulo","brazil_sao paulo_sao paulo",-23.65041685,-46.64802516,"county",697236,"Alternanthera brasiliana","(L.) Kuntze","name_w_authors","Amaranthaceae","Alternanthera brasiliana","(L.) Kuntze","species","name accepted","bfo-4302",,,"Alternanthera brasiliana (L.) Kuntze","Alternanthera","Amaranthaceae","brazil_sao paulo_sao paulo","Brazil","São Paulo","São Paulo",,"ibge",TRUE,-23,-46,"coord_original","miliseconds","low","Alternanthera brasiliana","check_local.2municip.","ok_state",,FALSE,"no_cannot_check","full_name_match","HUFABC_2566","HUFABC_2566[virtual]","1","0.25","HUFABC_2566","HUFABC_2566","HUFABC_2566","plantr_exact","High","PARQUE NATURAL MUNICIPAL CABECEIRAS DO ARICANDUVA"
,,"https://specieslink.net/col/667",,"UTFPR-SL","SHPR",,"PRESERVED_SPECIMEN","2456","4645","Garcia, R.J.F.;E.H.P. Barretto et al.",,"2018-12-05","2018","12","5",,,,"Brasil","BR","São Paulo",,"São Paulo","Distrito Iguatemi, futuro Pq. Nat. Mun. Cabeceiras do Aricanduva",,,"-23.627778","-46.409444",,,,,"E.H.P. Barretto","2018-12-01",,"Mollinedia schottiana (Spreng.) Perkins","Magnoliopsida","Laurales","Monimiaceae","Mollinedia","species","(Spreng.) Perkins","SYNONYM",,,"Mollinedia umbellata (Spreng.) Tul.",,,,"Mollinedia schottiana","Mollinedia umbellata",,"WGS84",,,,,"GBIF","SHPR",,"Garcia, R.J.F.","4645","2018","Barretto, E.H.P.","2018","Barretto, E.H.P.","Garcia",,"brazil","sao paulo","sao paulo","distrito iguatemi",,"locality","brazil_sao paulo_sao paulo","brazil_sao paulo_sao paulo",-23.65041685,-46.64802516,"county",577615,"Mollinedia schottiana","(Spreng.) Perkins","name_w_authors","Monimiaceae","Mollinedia schottiana","(Spreng.) Perkins","species","name accepted","bfo-10101",,,"Mollinedia schottiana (Spreng.) Perkins","Mollinedia","Monimiaceae","brazil_sao paulo_sao paulo","Brazil","São Paulo","São Paulo",,"ibge",TRUE,-23.627778,-46.409444,"coord_original","seconds","high","Mollinedia schottiana","check_local.2municip.","ok_county",,FALSE,"ok_dist","full_name_match","SHPR_2456","LAG_3007|SHPR_2456","3","0.75","LAG_3007","SHPR_2456","SHPR_2456","coord_original","Low","PARQUE NATURAL MUNICIPAL CABECEIRAS DO ARICANDUVA"
,,"https://specieslink.net/col/667",,"UTFPR-SL","SHPR",,"PRESERVED_SPECIMEN","2486","4636","Garcia, R.J.F.;E.H.P. Barretto et al.",,"2018-12-05","2018","12","5",,,,"Brasil","BR","São Paulo",,"São Paulo","Distrito Iguatemi, futuro Pq. Nat. Mun. Cabeceiras do Aricanduva",,,"-23.627778","-46.409444",,,,,"E.H.P. Barretto","2018-12-01",,"Pleopeltis pleopeltifolia (Raddi) Alston","Polypodiopsida","Polypodiales","Polypodiaceae","Pleopeltis","species","(Raddi) Alston","ACCEPTED",,,"Pleopeltis pleopeltifolia (Raddi) Alston",,,,"Pleopeltis pleopeltifolia","Pleopeltis pleopeltifolia",,"WGS84",,,,,"GBIF","SHPR",,"Garcia, R.J.F.","4636","2018","Barretto, E.H.P.","2018","Barretto, E.H.P.","Garcia",,"brazil","sao paulo","sao paulo","distrito iguatemi",,"locality","brazil_sao paulo_sao paulo","brazil_sao paulo_sao paulo",-23.65041685,-46.64802516,"county",577696,"Pleopeltis pleopeltifolia","(Raddi) Alston","name_w_authors","Polypodiaceae","Pleopeltis pleopeltifolia","(Raddi) Alston","species","name accepted","bfo-91722",,,"Pleopeltis pleopeltifolia (Raddi) Alston","Pleopeltis","Polypodiaceae","brazil_sao paulo_sao paulo","Brazil","São Paulo","São Paulo",,"ibge",TRUE,-23.627778,-46.409444,"coord_original","seconds","medium","Pleopeltis pleopeltifolia","check_local.2municip.","ok_county",,FALSE,"ok_dist","full_name_match","SHPR_2486","SHPR_2486[virtual]","1","0.25","SHPR_2486","SHPR_2486","SHPR_2486","coord_original","Low","PARQUE NATURAL MUNICIPAL CABECEIRAS DO ARICANDUVA"
,,"https://specieslink.net/col/667",,"UTFPR-SL","SHPR",,"PRESERVED_SPECIMEN","2473","83","Pascalicchio, F.F.;R.J.F. Garcia et al.",,"2018-04-18","2018","4","18",,,,"Brasil","BR","São Paulo",,"São Paulo","Distrito Iguatemi, futuro Pq. Nat. Mun. Cabeceiras do Aricanduva",,,"-23.627778","-46.409444",,,,,"E.H.P. Barretto","2018-12-01",,"Phytolacca thyrsiflora Fenzl ex J.A.Schmidt","Magnoliopsida","Caryophyllales","Phytolaccaceae","Phytolacca","species","Fenzl ex J.A. Schmidt","ACCEPTED",,,"Phytolacca thyrsiflora Fenzl ex J.A.Schmidt",,,,"Phytolacca thyrsiflora","Phytolacca thyrsiflora",,"WGS84",,,,,"GBIF","SHPR",,"Pascalicchio, F.F.","83","2018","Barretto, E.H.P.","2018","Garcia, R.J.F.","Pascalicchio",,"brazil","sao paulo","sao paulo","distrito iguatemi",,"locality","brazil_sao paulo_sao paulo","brazil_sao paulo_sao paulo",-23.65041685,-46.64802516,"county",577629,"Phytolacca thyrsiflora","Fenzl. ex J.A.Schmidt","name_w_authors","Phytolaccaceae","Phytolacca thyrsiflora","Fenzl. ex J.A.Schmidt","species","author misspelled","bfo-12583",,,"Phytolacca thyrsiflora Fenzl. ex J.A.Schmidt","Phytolacca","Phytolaccaceae","brazil_sao paulo_sao paulo","Brazil","São Paulo","São Paulo",,"ibge",TRUE,-23.627778,-46.409444,"coord_original","seconds","medium","Phytolacca thyrsiflora","check_local.2municip.","ok_county",,FALSE,"ok_dist","full_name_match","SHPR_2473","SHPR_2473[virtual]","1","0.25","SHPR_2473","SHPR_2473","SHPR_2473","coord_original","Low","PARQUE NATURAL MUNICIPAL CABECEIRAS DO ARICANDUVA"
,,"https://specieslink.net/col/667",,"UTFPR-SL","SHPR",,"PRESERVED_SPECIMEN","2449","4596","Garcia, R.J.F.;E.H.P. Barretto et al.",,"2018-10-03","2018","10","3",,,,"Brasil","BR","São Paulo",,"São Paulo","Distrito Iguatemi, futuro Pq. Nat. Mun. Cabeceiras do Aricanduva",,,"-23.627778","-46.409444",,,,,"E.H.P. Barretto","2018-10-30",,"Miconia buddlejoides Triana","Magnoliopsida","Myrtales","Melastomataceae","Miconia","species","Triana","ACCEPTED",,,"Miconia buddlejoides Triana",,,,"Miconia buddlejoides","Miconia buddlejoides",,"WGS84",,,,,"GBIF","SHPR",,"Garcia, R.J.F.","4596","2018","Barretto, E.H.P.","2018","Barretto, E.H.P.","Garcia",,"brazil","sao paulo","sao paulo","distrito iguatemi",,"locality","brazil_sao paulo_sao paulo","brazil_sao paulo_sao paulo",-23.65041685,-46.64802516,"county",577622,"Miconia buddlejoides","Triana","name_w_authors","Melastomataceae","Miconia buddlejoides","Triana","species","name accepted","bfo-9677",,,"Miconia buddlejoides Triana","Miconia","Melastomataceae","brazil_sao paulo_sao paulo","Brazil","São Paulo","São Paulo",,"ibge",TRUE,-23.627778,-46.409444,"coord_original","seconds","medium","Miconia buddlejoides","check_local.2municip.","ok_county",,FALSE,"ok_dist","full_name_match","SHPR_2449","SHPR_2449[virtual]","1","0.25","SHPR_2449","SHPR_2449","SHPR_2449","coord_original","Low","PARQUE NATURAL MUNICIPAL CABECEIRAS DO ARICANDUVA"
,,"https://specieslink.net/col/667",,"UTFPR-SL","SHPR",,"PRESERVED_SPECIMEN","2447","4669","Garcia, R.J.F.;E.H.P. Barretto et al.",,"2018-12-05","2018","12","5",,,,"Brasil","BR","São Paulo",,"São Paulo","Distrito Iguatemi, futuro Pq. Nat. Mun. Cabeceiras do Aricanduva",,,"-23.627778","-46.409444",,,,,"E.H.P. Barretto","2018-12-30",,"Leandra melastomoides Raddi","Magnoliopsida","Myrtales","Melastomataceae","Miconia","species","Raddi","SYNONYM",,,"Miconia melastomoides (Raddi) R.Goldenb.",,,,"Leandra melastomoides","Miconia melastomoides",,"WGS84",,,,,"GBIF","SHPR",,"Garcia, R.J.F.","4669","2018","Barretto, E.H.P.","2018","Barretto, E.H.P.","Garcia",,"brazil","sao paulo","sao paulo","distrito iguatemi",,"locality","brazil_sao paulo_sao paulo","brazil_sao paulo_sao paulo",-23.65041685,-46.64802516,"county",577621,"Leandra melastomoides","Raddi","name_w_authors","Melastomataceae","Leandra melastomoides","Raddi","species","name accepted","bfo-9572",,,"Leandra melastomoides Raddi","Leandra","Melastomataceae","brazil_sao paulo_sao paulo","Brazil","São Paulo","São Paulo",,"ibge",TRUE,-23.627778,-46.409444,"coord_original","seconds","medium","Leandra melastomoides","check_local.2municip.","ok_county",,FALSE,"ok_dist","full_name_match","SHPR_2447","SHPR_2447[virtual]","1","0.25","SHPR_2447","SHPR_2447","SHPR_2447","coord_original","Low","PARQUE NATURAL MUNICIPAL CABECEIRAS DO ARICANDUVA"
,,"https://specieslink.net/col/667",,"UTFPR-SL","SHPR",,"PRESERVED_SPECIMEN","2469","4580","Garcia, R.J.F.;E.H.P. Barretto et al.",,"2018-10-03","2018","10","3",,,,"Brasil","BR","São Paulo",,"São Paulo","Distrito Iguatemi, futuro Pq. Nat. Mun. Cabeceiras do Aricanduva",,,"-23.627778","-46.409444",,,,,"E.H.P. Barretto","2018-10-30",,"Guapira nitida (Mart. ex J.A.Schmidt) Lundell","Magnoliopsida","Caryophyllales","Nyctaginaceae","Guapira","species","(Mart. ex J.A. Schmidt) Lundell","ACCEPTED",,,"Guapira nitida (Mart. ex J.A.Schmidt) Lundell",,,,"Guapira nitida","Guapira nitida",,"WGS84",,,,,"GBIF","SHPR",,"Garcia, R.J.F.","4580","2018","Barretto, E.H.P.","2018","Barretto, E.H.P.","Garcia",,"brazil","sao paulo","sao paulo","distrito iguatemi",,"locality","brazil_sao paulo_sao paulo","brazil_sao paulo_sao paulo",-23.65041685,-46.64802516,"county",577642,"Guapira nitida","(Mart. ex J.A.Schmidt) Lundell","name_w_authors","Nyctaginaceae","Guapira nitida","(Mart. ex J.A.Schmidt) Lundell","species","name accepted","bfo-10911",,,"Guapira nitida (Mart. ex J.A.Schmidt) Lundell","Guapira","Nyctaginaceae","brazil_sao paulo_sao paulo","Brazil","São Paulo","São Paulo",,"ibge",TRUE,-23.627778,-46.409444,"coord_original","seconds","medium","Guapira nitida","check_local.2municip.","ok_county",,FALSE,"ok_dist","full_name_match","SHPR_2469",,"0","0",,,,"coord_original","Low","PARQUE NATURAL MUNICIPAL CABECEIRAS DO ARICANDUVA"
