"Nome.da.UC","NumRecords","NumTaxons","NumSpecies","NumGenus","NumFamilies","NumOuro","NumPrata","NumBronze","NumLatao","NumNoMatch"
"ÁREA DE PROTEÇÃO AMBIENTAL AVECUIA",205,151,146,125,55,19,0,108,24,1
"ÁREA DE PROTEÇÃO AMBIENTAL BACIA DO PARAÍBA DO SUL",4591,1400,1349,713,210,446,120,569,265,25
"ÁREA DE PROTEÇÃO AMBIENTAL BALEIA SAHY",16,9,9,8,8,1,0,1,7,0
"ÁREA DE PROTEÇÃO AMBIENTAL BANHADO",94,16,15,12,7,6,0,5,5,0
"ÁREA DE PROTEÇÃO AMBIENTAL BARREIRO RICO",1382,395,378,258,91,200,14,147,34,3
"ÁREA DE PROTEÇÃO AMBIENTAL BORORÉ-COLÔNIA",737,252,247,188,80,71,20,117,44,6
"ÁREA DE PROTEÇÃO AMBIENTAL CABREUVA",832,384,355,285,105,131,17,147,89,11
"ÁREA DE PROTEÇÃO AMBIENTAL CABUÇU TANQUE GRANDE",376,208,205,173,54,45,16,117,30,2
"ÁREA DE PROTEÇÃO AMBIENTAL CAJAMAR",117,74,74,61,35,10,0,30,34,0
"ÁREA DE PROTEÇÃO AMBIENTAL CAJATI",7,2,2,2,2,0,0,2,0,0
"ÁREA DE PROTEÇÃO AMBIENTAL CAMPINAS",2505,791,762,464,123,262,13,359,157,4
"ÁREA DE PROTEÇÃO AMBIENTAL CAMPO GRANDE",5,5,5,5,4,0,0,0,5,0
"ÁREA DE PROTEÇÃO AMBIENTAL CAMPOS DO JORDÃO",17234,2449,2271,1065,262,856,131,924,538,132
"ÁREA DE PROTEÇÃO AMBIENTAL CANANÉIA-IGUAPÉ-PERUÍBE",17605,2353,2280,1018,228,984,203,798,368,104
"ÁREA DE PROTEÇÃO AMBIENTAL CUESTA CORUMBATAÍ",12387,2038,1951,902,212,845,129,715,349,46
"ÁREA DE PROTEÇÃO AMBIENTAL CUESTA GUARANI",3516,993,949,557,140,228,17,590,158,7
"ÁREA DE PROTEÇÃO AMBIENTAL CUESTA PARAPANEMA",386,163,146,137,64,44,40,50,29,0
"ÁREA DE PROTEÇÃO AMBIENTAL ENGENHO D'AGUA",1,1,1,1,1,0,0,0,1,0
"ÁREA DE PROTEÇÃO AMBIENTAL HARAS SÃO BERNARDO",0,NA,NA,NA,NA,NA,NA,NA,NA,NA
"ÁREA DE PROTEÇÃO AMBIENTAL IBITINGA",227,102,91,93,50,33,3,26,40,0
"ÁREA DE PROTEÇÃO AMBIENTAL ILHA COMPRIDA",1067,360,336,252,105,142,6,124,88,16
"ÁREA DE PROTEÇÃO AMBIENTAL ILHAS E VÁRZEAS DO RIO PARANÁ",0,NA,NA,NA,NA,NA,NA,NA,NA,NA
"ÁREA DE PROTEÇÃO AMBIENTAL ITUPARARANGA",2450,905,830,554,186,182,24,416,283,11
"ÁREA DE PROTEÇÃO AMBIENTAL JUNDIAÍ",9776,1884,1803,876,197,749,59,711,365,22
"ÁREA DE PROTEÇÃO AMBIENTAL MARINHA DO LITORAL CENTRO",770,NA,NA,NA,NA,NA,NA,NA,NA,NA
"ÁREA DE PROTEÇÃO AMBIENTAL MARINHA DO LITORAL NORTE",3954,NA,NA,NA,NA,NA,NA,NA,NA,NA
"ÁREA DE PROTEÇÃO AMBIENTAL MARINHA DO LITORAL SUL",210,NA,NA,NA,NA,NA,NA,NA,NA,NA
"ÁREA DE PROTEÇÃO AMBIENTAL MATA DO IGUATEMÍ",3,3,3,3,3,0,1,0,2,0
"ÁREA DE PROTEÇÃO AMBIENTAL MORRO DE SÃO BENTO",0,NA,NA,NA,NA,NA,NA,NA,NA,NA
"ÁREA DE PROTEÇÃO AMBIENTAL MUNICIPAL DA SERRA DO GUARARU",546,249,237,201,82,11,0,216,22,17
"ÁREA DE PROTEÇÃO AMBIENTAL MUNICIPAL DO CAPIVARI-MONOS",6411,1004,963,467,148,393,95,286,230,11
"ÁREA DE PROTEÇÃO AMBIENTAL PARQUE E FAZENDA DO CARMO",1184,283,273,194,73,103,13,109,58,2
"ÁREA DE PROTEÇÃO AMBIENTAL PEDREGULHO",6,5,5,5,4,1,0,1,3,0
"ÁREA DE PROTEÇÃO AMBIENTAL PIRACICABA JUQUERI MIRIM ÁREA I",6928,1519,1474,786,194,500,20,822,177,18
"ÁREA DE PROTEÇÃO AMBIENTAL PIRACICABA JUQUERÍ-MIRIMÁREA II",8201,1898,1839,908,203,758,42,817,281,18
"ÁREA DE PROTEÇÃO AMBIENTAL PLANALTO DO TURVO",49,18,17,17,14,3,0,11,4,0
"ÁREA DE PROTEÇÃO AMBIENTAL QUILOMBOS DO MÉDIO RIBEIRA",4166,940,908,462,153,389,28,327,196,6
"ÁREA DE PROTEÇÃO AMBIENTAL REPRESA BAIRRO DA USINA",11,10,10,10,10,0,0,2,8,0
"ÁREA DE PROTEÇÃO AMBIENTAL RIO BATALHA",1888,533,511,342,105,222,31,203,77,5
"ÁREA DE PROTEÇÃO AMBIENTAL RIO PARDINHO E RIO VERMELHO",3,2,2,2,2,1,0,0,1,0
"ÁREA DE PROTEÇÃO AMBIENTAL SANTOS CONTINENTE",0,NA,NA,NA,NA,NA,NA,NA,NA,NA
"ÁREA DE PROTEÇÃO AMBIENTAL SÃO FRANCISCO XAVIER",295,128,122,110,58,24,3,71,30,0
"ÁREA DE PROTEÇÃO AMBIENTAL SAPUCAÍ MIRIM",1671,552,495,376,155,214,16,194,128,9
"ÁREA DE PROTEÇÃO AMBIENTAL SERRA DA MANTIQUEIRA",355,188,184,130,60,24,26,85,53,2
"ÁREA DE PROTEÇÃO AMBIENTAL SERRA DE SANTO AMARO",311,152,145,122,67,13,0,108,31,37
"ÁREA DE PROTEÇÃO AMBIENTAL SERRA DO ITAPETI",349,242,239,173,68,9,84,133,16,0
"ÁREA DE PROTEÇÃO AMBIENTAL SERRA DO MAR",11754,1836,1783,796,212,672,202,671,291,37
"ÁREA DE PROTEÇÃO AMBIENTAL SERRA DO PALMITAL",1,1,1,1,1,0,0,0,1,0
"ÁREA DE PROTEÇÃO AMBIENTAL SILVEIRAS",381,187,151,159,84,38,5,80,64,6
"ÁREA DE PROTEÇÃO AMBIENTAL SISTEMA CANTAREIRA",7695,1834,1765,878,209,657,89,737,351,23
"ÁREA DE PROTEÇÃO AMBIENTAL TANQUÃ-RIO PIRACICABA",66,35,27,29,27,4,0,21,10,2
"ÁREA DE PROTEÇÃO AMBIENTAL TIETÊ",596,242,223,200,79,103,2,94,43,3
"ÁREA DE PROTEÇÃO AMBIENTAL VÁRZEA DO RIO TIETÊ",1161,305,267,251,110,27,1,175,102,9
"ÁREA DE RELEVANTE INTERESSE ECOLÓGICO BURITI DE VASSUNUNGA",0,NA,NA,NA,NA,NA,NA,NA,NA,NA
"ÁREA DE RELEVANTE INTERESSE ECOLÓGICO CERRADO PÉ-DE-GIGANTE",2076,565,557,336,105,161,31,291,82,5
"ÁREA DE RELEVANTE INTERESSE ECOLÓGICO GUARÁ",1,1,1,1,1,0,0,1,0,0
"ÁREA DE RELEVANTE INTERESSE ECOLÓGICO ILHA AMEIXAL",0,NA,NA,NA,NA,NA,NA,NA,NA,NA
"ÁREA DE RELEVANTE INTERESSE ECOLÓGICO ILHAS QUEIMADA GRANDE E QUEIMADA PEQUENA",22,18,17,17,12,7,0,9,2,2
"ÁREA DE RELEVANTE INTERESSE ECOLÓGICO LEOPOLDO MAGNO COUTINHO",146,46,46,40,22,30,1,9,6,0
"ÁREA DE RELEVANTE INTERESSE ECOLÓGICO MATA DE SANTA GENEBRA",3292,734,703,418,109,336,14,239,145,10
"ÁREA DE RELEVANTE INTERESSE ECOLÓGICO MATÃO DE COSMÓPOLIS",2,2,2,2,2,0,0,2,0,0
"ÁREA DE RELEVANTE INTERESSE ECOLÓGICO PEDRA BRANCA",0,NA,NA,NA,NA,NA,NA,NA,NA,NA
"ÁREA DE RELEVANTE INTERESSE ECOLÓGICO SÃO SEBASTIÃO",128,51,43,47,37,3,0,29,19,13
"ÁREA DE RELEVANTE INTERESSE ECOLÓGICO ZONA DE VIDA SILVESTRE APA DA ILHA COMPRIDA",899,277,266,193,87,130,3,94,50,11
"ESTAÇÃO ECOLÓGICA ANGATUBA",816,256,255,181,78,62,138,52,4,0
"ESTAÇÃO ECOLÓGICA ASSIS",937,334,316,213,77,82,22,81,149,1
"ESTAÇÃO ECOLÓGICA AVARÉ",280,187,179,138,51,29,15,103,40,1
"ESTAÇÃO ECOLÓGICA BANANAL",1640,611,579,297,116,179,98,271,63,2
"ESTAÇÃO ECOLÓGICA BARREIRO RICO",2,2,2,2,1,1,0,1,0,0
"ESTAÇÃO ECOLÓGICA BAURU",131,77,71,64,34,18,30,13,16,0
"ESTAÇÃO ECOLÓGICA BRÁULIO GUEDES DA SILVA",0,NA,NA,NA,NA,NA,NA,NA,NA,NA
"ESTAÇÃO ECOLÓGICA CAETETUS",1221,354,348,235,80,110,17,101,126,0
"ESTAÇÃO ECOLÓGICA CHAÚAS",84,30,30,28,19,12,1,10,7,0
"ESTAÇÃO ECOLÓGICA GOVERNADOR MARIO COVAS",0,NA,NA,NA,NA,NA,NA,NA,NA,NA
"ESTAÇÃO ECOLÓGICA IBICATU",473,183,180,142,64,27,54,95,7,2
"ESTAÇÃO ECOLÓGICA ITABERÁ",655,334,326,215,87,62,121,95,56,0
"ESTAÇÃO ECOLÓGICA ITAPETI",80,62,62,51,32,4,42,15,1,0
"ESTAÇÃO ECOLÓGICA ITAPEVA",2182,497,486,294,102,198,65,168,66,2
"ESTAÇÃO ECOLÓGICA ITIRAPINA",1389,475,449,288,99,144,79,175,77,6
"ESTAÇÃO ECOLÓGICA JATAÍ",879,308,288,204,65,87,2,158,61,23
"ESTAÇÃO ECOLÓGICA JURÉIA-ITATINS",8298,1398,1352,720,196,616,168,402,212,24
"ESTAÇÃO ECOLÓGICA MARÍLIA",63,58,58,51,29,23,1,7,27,0
"ESTAÇÃO ECOLÓGICA MATA DO JACARÉ",0,NA,NA,NA,NA,NA,NA,NA,NA,NA
"ESTAÇÃO ECOLÓGICA MICO LEÃO PRETO",0,NA,NA,NA,NA,NA,NA,NA,NA,NA
"ESTAÇÃO ECOLÓGICA MOGI-GUAÇU",12874,1600,1548,659,157,958,84,441,117,28
"ESTAÇÃO ECOLÓGICA MUNICIPAL DO CAETÊ",0,NA,NA,NA,NA,NA,NA,NA,NA,NA
"ESTAÇÃO ECOLÓGICA MUNICIPAL DO PIRAJIBU",0,NA,NA,NA,NA,NA,NA,NA,NA,NA
"ESTAÇÃO ECOLÓGICA MUNICIPAL GUARANI",0,NA,NA,NA,NA,NA,NA,NA,NA,NA
"ESTAÇÃO ECOLÓGICA NOROESTE PAULISTA",1146,284,266,187,72,51,38,70,125,9
"ESTAÇÃO ECOLÓGICA PARANAPANEMA",1047,395,391,255,92,153,88,144,10,1
"ESTAÇÃO ECOLÓGICA PAULO DE FARIA",2595,380,358,247,74,156,4,98,122,9
"ESTAÇÃO ECOLÓGICA RIBEIRÃO PRETO",679,288,270,206,77,52,15,204,17,3
"ESTAÇÃO ECOLÓGICA SANTA BÁRBARA",2496,726,718,374,109,156,379,145,46,6
"ESTAÇÃO ECOLÓGICA SANTA MARIA",37,26,22,22,15,6,16,3,1,0
"ESTAÇÃO ECOLÓGICA TANQUE GRANDE",0,NA,NA,NA,NA,NA,NA,NA,NA,NA
"ESTAÇÃO ECOLÓGICA TUPINAMBÁS",99,61,51,55,42,15,0,18,28,7
"ESTAÇÃO ECOLÓGICA TUPINIQUINS",50,23,23,18,15,0,0,22,1,7
"ESTAÇÃO ECOLÓGICA VALINHOS",30,23,21,22,15,6,10,5,2,1
"ESTAÇÃO ECOLÓGICA XITUÉ",163,89,86,63,41,27,9,36,17,0
"FLORESTA ESTADUAL ASSIS",225,152,150,114,45,11,86,39,16,0
"FLORESTA ESTADUAL EDMUNDO NAVARRO DE ANDRADE",1100,572,549,393,115,86,3,424,59,6
"FLORESTA ESTADUAL GUARULHOS",1,1,1,1,1,0,0,1,0,0
"FLORESTA ESTADUAL NOROESTE PAULISTA",27,17,15,16,13,0,0,14,3,0
"FLORESTA ESTADUAL PEDERNEIRAS",2,2,2,2,2,0,0,0,2,0
"FLORESTA ESTADUAL SERRA DÁGUA",0,NA,NA,NA,NA,NA,NA,NA,NA,NA
"FLORESTA NACIONAL CAPÃO BONITO",0,NA,NA,NA,NA,NA,NA,NA,NA,NA
"FLORESTA NACIONAL IPANEMA",1096,480,445,312,109,45,1,280,154,9
"FLORESTA NACIONAL LORENA",1,1,1,1,1,0,0,1,0,0
"MONUMENTO NATURAL ESTADUAL MANTIQUEIRA PAULISTA",95,61,59,48,32,7,5,29,20,1
"MONUMENTO NATURAL ESTADUAL PEDRA DO BAÚ",258,77,71,62,43,29,4,31,13,2
"MONUMENTO NATURAL ESTADUAL PEDRA GRANDE",694,310,302,207,84,126,18,59,107,0
"MONUMENTO NATURAL MUNICIPAL DO PICO DO ITAGUARÉ",19,18,18,17,14,2,0,10,6,0
"PARQUE ESTADUAL AGUAPEÍ",115,NA,NA,NA,NA,NA,NA,NA,NA,NA
"PARQUE ESTADUAL ÁGUAS DA BILLINGS",87,58,56,51,36,5,1,49,3,0
"PARQUE ESTADUAL ÁGUAS DA PRATA",8,5,5,5,5,1,0,4,0,0
"PARQUE ESTADUAL ALBERTO LÖFGREN",735,389,382,277,111,64,20,169,136,4
"PARQUE ESTADUAL ARA",20,17,17,17,15,5,2,9,1,0
"PARQUE ESTADUAL CAMPINA DO ENCANTADO",593,151,149,108,58,70,5,46,30,1
"PARQUE ESTADUAL CAMPOS DO JORDÃO",7807,1396,1305,658,203,581,115,459,241,48
"PARQUE ESTADUAL CANTAREIRA",7143,1638,1575,855,239,513,33,643,449,45
"PARQUE ESTADUAL CARLOS BOTELHO",9129,1203,1162,544,152,457,96,442,208,15
"PARQUE ESTADUAL CAVERNA DO DIABO",1604,493,455,333,150,98,8,185,202,3
"PARQUE ESTADUAL FONTES DO IPIRANGA",24798,2957,2862,1278,256,1268,67,1267,355,150
"PARQUE ESTADUAL FURNAS DO BOM JESUS",2731,812,793,425,121,288,70,344,110,10
"PARQUE ESTADUAL ILHA ANCHIETA",2308,620,591,400,129,183,8,315,114,67
"PARQUE ESTADUAL ILHA DO CARDOSO",18049,2117,2053,916,230,856,68,1035,158,184
"PARQUE ESTADUAL ILHABELA",736,355,336,244,106,62,12,189,92,97
"PARQUE ESTADUAL INTERVALES",5166,1112,1074,563,179,412,63,423,214,16
"PARQUE ESTADUAL ITABERABA",431,130,122,95,61,5,4,94,27,2
"PARQUE ESTADUAL ITAPETINGA",66,51,49,45,24,13,1,30,7,0
"PARQUE ESTADUAL ITINGUÇU",130,32,32,23,16,16,0,12,4,0
"PARQUE ESTADUAL JARAGUÁ",1048,406,399,269,94,139,111,141,15,4
"PARQUE ESTADUAL JUQUERY",1802,492,472,261,72,116,33,241,102,3
"PARQUE ESTADUAL JURUPARÁ",437,181,176,119,60,91,5,40,45,1
"PARQUE ESTADUAL LAGAMAR DE CANANEIA",383,184,160,153,77,52,5,61,66,1
"PARQUE ESTADUAL MANANCIAIS DE CAMPOS DO JORDÃO",173,92,84,73,31,12,30,36,14,1
"PARQUE ESTADUAL MARINHO DA LAJE DE SANTOS",76,42,40,30,11,2,0,40,0,41
"PARQUE ESTADUAL MORRO DO DIABO",3720,646,594,407,156,300,14,248,84,12
"PARQUE ESTADUAL NASCENTES DO PARANAPANEMA",177,111,104,89,49,30,15,34,32,1
"PARQUE ESTADUAL PORTO FERREIRA",1312,500,487,305,100,183,18,249,50,2
"PARQUE ESTADUAL PRELADO",27,15,15,15,14,1,6,6,2,0
"PARQUE ESTADUAL RESTINGA DE BERTIOGA",2147,661,651,402,139,175,27,368,91,10
"PARQUE ESTADUAL RIO PEIXE",3,2,2,2,2,0,0,1,1,0
"PARQUE ESTADUAL RIO TURVO",930,384,372,237,96,121,7,184,72,3
"PARQUE ESTADUAL SERRA DO MAR",48400,4192,4060,1345,273,1643,119,1847,583,146
"PARQUE ESTADUAL TURÍSTICO DO ALTO DO RIBEIRA",3098,762,733,385,139,187,67,453,55,7
"PARQUE ESTADUAL VASSUNUNGA",2163,594,583,354,111,176,29,311,78,5
"PARQUE ESTADUAL XIXOVÁ-JAPUÍ",1003,374,363,286,98,80,25,164,105,77
"PARQUE NACIONAL SERRA DA BOCAINA",1443,451,418,252,95,203,5,187,56,5
"PARQUE NATURAL MUNICIPAL AUGUSTO RUSCHI",2,2,2,2,2,1,0,1,0,0
"PARQUE NATURAL MUNICIPAL BANHADO",1,1,1,1,1,0,0,0,1,0
"PARQUE NATURAL MUNICIPAL BASALTO",12,1,1,1,1,0,0,1,0,0
"PARQUE NATURAL MUNICIPAL BORORÉ",128,61,61,54,36,3,7,49,2,0
"PARQUE NATURAL MUNICIPAL BRIGADEIRO TOBIAS",0,NA,NA,NA,NA,NA,NA,NA,NA,NA
"PARQUE NATURAL MUNICIPAL CABECEIRAS DO ARICANDUVA",39,26,26,23,15,7,10,9,0,0
"PARQUE NATURAL MUNICIPAL CACHOEIRA DA MARTA",123,109,106,91,45,5,0,102,2,0
"PARQUE NATURAL MUNICIPAL CAMPO GRANDE",0,NA,NA,NA,NA,NA,NA,NA,NA,NA
"PARQUE NATURAL MUNICIPAL CERRADO",0,NA,NA,NA,NA,NA,NA,NA,NA,NA
"PARQUE NATURAL MUNICIPAL CORREDORES DE BIODIVERSIDADE",17,16,13,15,14,0,0,2,14,0
"PARQUE NATURAL MUNICIPAL COTIA-PARÁ",3,3,3,3,3,0,0,1,2,0
"PARQUE NATURAL MUNICIPAL CRATERA DE COLÔNIA",103,39,39,35,25,11,5,22,1,0
"PARQUE NATURAL MUNICIPAL CULTURA NEGRA - SÍTIO DA CANDINHA",1,1,1,1,1,0,0,1,0,0
"PARQUE NATURAL MUNICIPAL DISTRITO DE SANTA TEREZINHA",4,3,3,2,2,0,0,0,3,0
"PARQUE NATURAL MUNICIPAL DOURADO",0,NA,NA,NA,NA,NA,NA,NA,NA,NA
"PARQUE NATURAL MUNICIPAL DOUTOR RUI CALAZANS DE ARAÚJO",0,NA,NA,NA,NA,NA,NA,NA,NA,NA
"PARQUE NATURAL MUNICIPAL ENGENHO SAO JORGE DOS ERASMOS",103,33,28,27,15,0,0,33,0,0
"PARQUE NATURAL MUNICIPAL ESTORIL - VIRGÍLIO SIMIONATO",8,8,8,7,6,0,0,5,3,0
"PARQUE NATURAL MUNICIPAL FAZENDA DO CARMO",511,136,133,95,46,65,9,42,20,2
"PARQUE NATURAL MUNICIPAL GROTA DE MIRASSOL",0,NA,NA,NA,NA,NA,NA,NA,NA,NA
"PARQUE NATURAL MUNICIPAL ITAIM",45,21,21,20,13,6,7,5,3,0
"PARQUE NATURAL MUNICIPAL JACEGUAVA",40,34,34,28,18,12,4,17,1,0
"PARQUE NATURAL MUNICIPAL JATOBÁS",86,75,75,67,34,15,56,4,0,0
"PARQUE NATURAL MUNICIPAL JUQUERIQUERÊ",0,NA,NA,NA,NA,NA,NA,NA,NA,NA
"PARQUE NATURAL MUNICIPAL MORRO DO OURO",124,50,42,26,21,10,0,25,15,9
"PARQUE NATURAL MUNICIPAL NASCENTES DE PARANAPIACABA",1431,475,451,277,120,112,44,253,66,3
"PARQUE NATURAL MUNICIPAL OLESIO DOS SANTOS",0,NA,NA,NA,NA,NA,NA,NA,NA,NA
"PARQUE NATURAL MUNICIPAL PEDROSO",1,1,1,1,1,0,0,1,0,0
"PARQUE NATURAL MUNICIPAL SALTO BOTELHO",0,NA,NA,NA,NA,NA,NA,NA,NA,NA
"PARQUE NATURAL MUNICIPAL SÃO ROQUE",427,162,161,110,50,67,2,55,38,0
"PARQUE NATURAL MUNICIPAL TRABIJU",99,61,45,52,36,18,0,23,20,0
"PARQUE NATURAL MUNICIPAL VALE DO ITAIM",1,1,1,1,1,0,0,1,0,0
"PARQUE NATURAL MUNICIPAL VARGINHA",114,61,59,54,35,4,6,49,2,1
"REFÚGIO DE VIDA SILVESTRE AIMORÉS",1729,392,380,261,89,178,13,164,37,5
"REFÚGIO DE VIDA SILVESTRE ANHANGUERA",54,37,35,33,24,3,2,7,25,0
"REFÚGIO DE VIDA SILVESTRE ARQUIPÉLAGO DE ALCATRAZES",278,164,158,129,62,56,3,80,25,8
"REFÚGIO DE VIDA SILVESTRE BICUDINHO",1,1,1,1,1,0,0,0,1,0
"REFÚGIO DE VIDA SILVESTRE ILHAS DO ABRIGO E GUARARITAMA",4,2,2,2,2,0,0,2,0,0
"REFÚGIO DE VIDA SILVESTRE MATA DA REPRESA",0,NA,NA,NA,NA,NA,NA,NA,NA,NA
"RESERVA BIOLÓGICA ANDRADINA",20,16,16,13,12,8,1,7,0,0
"RESERVA BIOLÓGICA MOGI-GUAÇU",2562,529,512,312,104,228,96,156,49,8
"RESERVA BIOLÓGICA MUNICIPAL DA SERRA DO JAPI",1444,660,630,437,133,122,4,266,268,1
"RESERVA BIOLÓGICA TAMBORÉ",2,2,2,2,2,0,0,1,1,0
"RESERVA DE DESENVOLVIMENTO SUSTENTÁVEL BARRA DO UNA",274,139,136,113,51,9,6,118,6,1
"RESERVA DE DESENVOLVIMENTO SUSTENTÁVEL BARREIRO ANHEMAS",65,19,19,16,13,8,1,5,5,0
"RESERVA DE DESENVOLVIMENTO SUSTENTÁVEL DESPRAIADO",83,57,37,45,28,20,3,14,20,0
"RESERVA DE DESENVOLVIMENTO SUSTENTÁVEL ITAPANHAPIMA",6,4,4,4,4,0,0,3,1,1
"RESERVA DE DESENVOLVIMENTO SUSTENTÁVEL LAVRAS",17,12,11,12,9,2,0,10,0,1
"RESERVA DE DESENVOLVIMENTO SUSTENTÁVEL PINHEIRINHOS",0,NA,NA,NA,NA,NA,NA,NA,NA,NA
"RESERVA DE DESENVOLVIMENTO SUSTENTÁVEL QUILOMBOS DE BARRA DO TURVO",0,NA,NA,NA,NA,NA,NA,NA,NA,NA
"RESERVA EXTRATIVISTA ILHA DO TUMBA",5,5,5,5,5,2,0,3,0,0
"RESERVA EXTRATIVISTA MANDIRA",2,2,2,2,2,0,0,2,0,0
"RESERVA EXTRATIVISTA TAQUARI",1,1,1,1,1,0,0,1,0,0
"RESERVA PARTICULAR DO PATRIMÔNIO NATURAL ÁGUAS CLARAS",255,63,50,44,29,0,0,62,1,10
"RESERVA PARTICULAR DO PATRIMÔNIO NATURAL BESOURO DE FOGO",0,NA,NA,NA,NA,NA,NA,NA,NA,NA
"RESERVA PARTICULAR DO PATRIMÔNIO NATURAL BOTUJURU-SERRA DO ITAPETY",8,8,8,7,2,0,0,7,1,0
"RESERVA PARTICULAR DO PATRIMÔNIO NATURAL CABURÉ",0,NA,NA,NA,NA,NA,NA,NA,NA,NA
"RESERVA PARTICULAR DO PATRIMÔNIO NATURAL CACHOEIRA DA LUISA",0,NA,NA,NA,NA,NA,NA,NA,NA,NA
"RESERVA PARTICULAR DO PATRIMÔNIO NATURAL CANDEIA",0,NA,NA,NA,NA,NA,NA,NA,NA,NA
"RESERVA PARTICULAR DO PATRIMÔNIO NATURAL CARBOCLORO S/A",0,NA,NA,NA,NA,NA,NA,NA,NA,NA
"RESERVA PARTICULAR DO PATRIMÔNIO NATURAL CAVA II",0,NA,NA,NA,NA,NA,NA,NA,NA,NA
"RESERVA PARTICULAR DO PATRIMÔNIO NATURAL CENTRO DE VIVÊNCIA COM A NATUREZA - CVN",0,NA,NA,NA,NA,NA,NA,NA,NA,NA
"RESERVA PARTICULAR DO PATRIMÔNIO NATURAL CHACARA SANTA INEZ",0,NA,NA,NA,NA,NA,NA,NA,NA,NA
"RESERVA PARTICULAR DO PATRIMÔNIO NATURAL COPAÍBA",0,NA,NA,NA,NA,NA,NA,NA,NA,NA
"RESERVA PARTICULAR DO PATRIMÔNIO NATURAL CRUZ PRETA",0,NA,NA,NA,NA,NA,NA,NA,NA,NA
"RESERVA PARTICULAR DO PATRIMÔNIO NATURAL DUAS CACHOEIRAS",105,99,90,90,44,0,0,0,99,0
"RESERVA PARTICULAR DO PATRIMÔNIO NATURAL ECOWORLD",1,1,1,1,1,0,0,1,0,0
"RESERVA PARTICULAR DO PATRIMÔNIO NATURAL ESTÂNCIA JATOBÁ",22,20,15,20,16,2,0,15,3,0
"RESERVA PARTICULAR DO PATRIMÔNIO NATURAL FAZENDA BELA AURORA",0,NA,NA,NA,NA,NA,NA,NA,NA,NA
"RESERVA PARTICULAR DO PATRIMÔNIO NATURAL FAZENDA CATADUPA",0,NA,NA,NA,NA,NA,NA,NA,NA,NA
"RESERVA PARTICULAR DO PATRIMÔNIO NATURAL FAZENDA HORII",0,NA,NA,NA,NA,NA,NA,NA,NA,NA
"RESERVA PARTICULAR DO PATRIMÔNIO NATURAL FAZENDA MATA NATIVA",0,NA,NA,NA,NA,NA,NA,NA,NA,NA
"RESERVA PARTICULAR DO PATRIMÔNIO NATURAL FAZENDA PALMIRA",0,NA,NA,NA,NA,NA,NA,NA,NA,NA
"RESERVA PARTICULAR DO PATRIMÔNIO NATURAL FAZENDA RELÓGIO QUEIMADO",0,NA,NA,NA,NA,NA,NA,NA,NA,NA
"RESERVA PARTICULAR DO PATRIMÔNIO NATURAL FAZENDA RENOPOLIS",0,NA,NA,NA,NA,NA,NA,NA,NA,NA
"RESERVA PARTICULAR DO PATRIMÔNIO NATURAL FAZENDA SAN MICHELE",0,NA,NA,NA,NA,NA,NA,NA,NA,NA
"RESERVA PARTICULAR DO PATRIMÔNIO NATURAL FAZENDA SERRINHA",0,NA,NA,NA,NA,NA,NA,NA,NA,NA
"RESERVA PARTICULAR DO PATRIMÔNIO NATURAL FAZENDA SILVO AGRO-PASTORIL GONÇALVES",0,NA,NA,NA,NA,NA,NA,NA,NA,NA
"RESERVA PARTICULAR DO PATRIMÔNIO NATURAL FERLAG RESINAS BRASIL",0,NA,NA,NA,NA,NA,NA,NA,NA,NA
"RESERVA PARTICULAR DO PATRIMÔNIO NATURAL FLORESTA DAS ÁGUAS PERENES",3,1,1,1,1,0,1,0,0,0
"RESERVA PARTICULAR DO PATRIMÔNIO NATURAL FLORESTA MARIA HELENA",0,NA,NA,NA,NA,NA,NA,NA,NA,NA
"RESERVA PARTICULAR DO PATRIMÔNIO NATURAL FLORESTA NEGRA",0,NA,NA,NA,NA,NA,NA,NA,NA,NA
"RESERVA PARTICULAR DO PATRIMÔNIO NATURAL FRUTA DO LOBO",0,NA,NA,NA,NA,NA,NA,NA,NA,NA
"RESERVA PARTICULAR DO PATRIMÔNIO NATURAL GIGANTE DO ITAGUARÉ",0,NA,NA,NA,NA,NA,NA,NA,NA,NA
"RESERVA PARTICULAR DO PATRIMÔNIO NATURAL GUAINUMBI",1,1,1,1,1,0,0,1,0,0
"RESERVA PARTICULAR DO PATRIMÔNIO NATURAL JACARANDÁS",0,NA,NA,NA,NA,NA,NA,NA,NA,NA
"RESERVA PARTICULAR DO PATRIMÔNIO NATURAL JAGUARETÊ",0,NA,NA,NA,NA,NA,NA,NA,NA,NA
"RESERVA PARTICULAR DO PATRIMÔNIO NATURAL LAFIGUEIRA - NATURARTE",0,NA,NA,NA,NA,NA,NA,NA,NA,NA
"RESERVA PARTICULAR DO PATRIMÔNIO NATURAL MAHAYANA",0,NA,NA,NA,NA,NA,NA,NA,NA,NA
"RESERVA PARTICULAR DO PATRIMÔNIO NATURAL MARINA DO CONDE",0,NA,NA,NA,NA,NA,NA,NA,NA,NA
"RESERVA PARTICULAR DO PATRIMÔNIO NATURAL MATA DO ROQUE",0,NA,NA,NA,NA,NA,NA,NA,NA,NA
"RESERVA PARTICULAR DO PATRIMÔNIO NATURAL MATA VIRGEM",0,NA,NA,NA,NA,NA,NA,NA,NA,NA
"RESERVA PARTICULAR DO PATRIMÔNIO NATURAL MEANDROS",0,NA,NA,NA,NA,NA,NA,NA,NA,NA
"RESERVA PARTICULAR DO PATRIMÔNIO NATURAL MEANDROS II",0,NA,NA,NA,NA,NA,NA,NA,NA,NA
"RESERVA PARTICULAR DO PATRIMÔNIO NATURAL MEANDROS III",0,NA,NA,NA,NA,NA,NA,NA,NA,NA
"RESERVA PARTICULAR DO PATRIMÔNIO NATURAL MORRO DO CURUSSU MIRIM",23,15,13,15,14,2,1,8,4,0
"RESERVA PARTICULAR DO PATRIMÔNIO NATURAL MOSQUITO",19,13,13,12,9,0,0,0,13,1
"RESERVA PARTICULAR DO PATRIMÔNIO NATURAL MUTINGA",3,2,2,2,2,0,0,2,0,0
"RESERVA PARTICULAR DO PATRIMÔNIO NATURAL NARDINI SEMPRE VERDE",0,NA,NA,NA,NA,NA,NA,NA,NA,NA
"RESERVA PARTICULAR DO PATRIMÔNIO NATURAL O PRIMATA",0,NA,NA,NA,NA,NA,NA,NA,NA,NA
"RESERVA PARTICULAR DO PATRIMÔNIO NATURAL OLHO D'ÁGUA",0,NA,NA,NA,NA,NA,NA,NA,NA,NA
"RESERVA PARTICULAR DO PATRIMÔNIO NATURAL PARAÍSO",0,NA,NA,NA,NA,NA,NA,NA,NA,NA
"RESERVA PARTICULAR DO PATRIMÔNIO NATURAL PARAÍSO",0,NA,NA,NA,NA,NA,NA,NA,NA,NA
"RESERVA PARTICULAR DO PATRIMÔNIO NATURAL PARQUE DAS NASCENTES",0,NA,NA,NA,NA,NA,NA,NA,NA,NA
"RESERVA PARTICULAR DO PATRIMÔNIO NATURAL PARQUE DO ZIZO",307,209,192,126,53,6,0,164,39,2
"RESERVA PARTICULAR DO PATRIMÔNIO NATURAL PARQUE DOS PÁSSAROS",0,NA,NA,NA,NA,NA,NA,NA,NA,NA
"RESERVA PARTICULAR DO PATRIMÔNIO NATURAL PARQUE FLORESTAL SÃO MARCELO",1,1,1,1,1,0,0,0,1,0
"RESERVA PARTICULAR DO PATRIMÔNIO NATURAL PEDRA DA MINA",18,8,8,8,8,5,1,1,1,0
"RESERVA PARTICULAR DO PATRIMÔNIO NATURAL PORTO DO IFÉ",0,NA,NA,NA,NA,NA,NA,NA,NA,NA
"RESERVA PARTICULAR DO PATRIMÔNIO NATURAL POUSADA CAMPOS DA BOCAINA",3,3,3,3,3,1,0,2,0,0
"RESERVA PARTICULAR DO PATRIMÔNIO NATURAL RECANTO OLHO D'ÁGUA",0,NA,NA,NA,NA,NA,NA,NA,NA,NA
"RESERVA PARTICULAR DO PATRIMÔNIO NATURAL RESERVA DO DADINHO",0,NA,NA,NA,NA,NA,NA,NA,NA,NA
"RESERVA PARTICULAR DO PATRIMÔNIO NATURAL RESERVA DO JACU",0,NA,NA,NA,NA,NA,NA,NA,NA,NA
"RESERVA PARTICULAR DO PATRIMÔNIO NATURAL RESERVA DO PINHAL - GLEBA 2",0,NA,NA,NA,NA,NA,NA,NA,NA,NA
"RESERVA PARTICULAR DO PATRIMÔNIO NATURAL RESERVA DO PINHAL - GLEBA 3",0,NA,NA,NA,NA,NA,NA,NA,NA,NA
"RESERVA PARTICULAR DO PATRIMÔNIO NATURAL RESERVA DOS MURIQUIS",1,1,1,1,1,0,0,1,0,0
"RESERVA PARTICULAR DO PATRIMÔNIO NATURAL RESERVA ECOLÓGICA AMADEU BOTELHO",4,4,4,4,4,0,0,0,4,0
"RESERVA PARTICULAR DO PATRIMÔNIO NATURAL RESERVA HINAYANA",0,NA,NA,NA,NA,NA,NA,NA,NA,NA
"RESERVA PARTICULAR DO PATRIMÔNIO NATURAL RESERVA MURIQUI",0,NA,NA,NA,NA,NA,NA,NA,NA,NA
"RESERVA PARTICULAR DO PATRIMÔNIO NATURAL RESERVA RIZZIERI",4,4,4,4,4,0,0,4,0,0
"RESERVA PARTICULAR DO PATRIMÔNIO NATURAL RIO DOS PILÕES",3,1,1,1,1,1,0,0,0,0
"RESERVA PARTICULAR DO PATRIMÔNIO NATURAL RIO VERMELHO",6,3,3,1,1,0,0,3,0,0
"RESERVA PARTICULAR DO PATRIMÔNIO NATURAL SANTA RITA DE CASSIA",0,NA,NA,NA,NA,NA,NA,NA,NA,NA
"RESERVA PARTICULAR DO PATRIMÔNIO NATURAL SÃO ELIAS",0,NA,NA,NA,NA,NA,NA,NA,NA,NA
"RESERVA PARTICULAR DO PATRIMÔNIO NATURAL SÃO JUDAS TADEU",0,NA,NA,NA,NA,NA,NA,NA,NA,NA
"RESERVA PARTICULAR DO PATRIMÔNIO NATURAL SÃO LOURENÇO",0,NA,NA,NA,NA,NA,NA,NA,NA,NA
"RESERVA PARTICULAR DO PATRIMÔNIO NATURAL SERRA DA BOCAINA",4,3,3,3,3,0,0,3,0,0
"RESERVA PARTICULAR DO PATRIMÔNIO NATURAL SERRA DO ITATINS",0,NA,NA,NA,NA,NA,NA,NA,NA,NA
"RESERVA PARTICULAR DO PATRIMÔNIO NATURAL SERRINHA",0,NA,NA,NA,NA,NA,NA,NA,NA,NA
"RESERVA PARTICULAR DO PATRIMÔNIO NATURAL SÍTIO CAETE",0,NA,NA,NA,NA,NA,NA,NA,NA,NA
"RESERVA PARTICULAR DO PATRIMÔNIO NATURAL SÍTIO CAPUAVINHA",0,NA,NA,NA,NA,NA,NA,NA,NA,NA
"RESERVA PARTICULAR DO PATRIMÔNIO NATURAL SÍTIO CURUCUTU",0,NA,NA,NA,NA,NA,NA,NA,NA,NA
"RESERVA PARTICULAR DO PATRIMÔNIO NATURAL SÍTIO DAS PEDRAS",0,NA,NA,NA,NA,NA,NA,NA,NA,NA
"RESERVA PARTICULAR DO PATRIMÔNIO NATURAL SÍTIO DO CANTONEIRO",0,NA,NA,NA,NA,NA,NA,NA,NA,NA
"RESERVA PARTICULAR DO PATRIMÔNIO NATURAL SÍTIO DO JACU",0,NA,NA,NA,NA,NA,NA,NA,NA,NA
"RESERVA PARTICULAR DO PATRIMÔNIO NATURAL SÍTIO KON TIKI",0,NA,NA,NA,NA,NA,NA,NA,NA,NA
"RESERVA PARTICULAR DO PATRIMÔNIO NATURAL SÍTIO MANACA",0,NA,NA,NA,NA,NA,NA,NA,NA,NA
"RESERVA PARTICULAR DO PATRIMÔNIO NATURAL SÍTIO PALMITAL",0,NA,NA,NA,NA,NA,NA,NA,NA,NA
"RESERVA PARTICULAR DO PATRIMÔNIO NATURAL SÍTIO PITHON",0,NA,NA,NA,NA,NA,NA,NA,NA,NA
"RESERVA PARTICULAR DO PATRIMÔNIO NATURAL SÍTIO PRIMAVERA",1,1,1,1,1,0,0,1,0,0
"RESERVA PARTICULAR DO PATRIMÔNIO NATURAL SÍTIO RYAN",0,NA,NA,NA,NA,NA,NA,NA,NA,NA
"RESERVA PARTICULAR DO PATRIMÔNIO NATURAL SÍTIO SABIUNA",0,NA,NA,NA,NA,NA,NA,NA,NA,NA
"RESERVA PARTICULAR DO PATRIMÔNIO NATURAL SÍTIO SÃO JOAQUIM I",0,NA,NA,NA,NA,NA,NA,NA,NA,NA
"RESERVA PARTICULAR DO PATRIMÔNIO NATURAL SÍTIO SOLAR DA MONTANHA",0,NA,NA,NA,NA,NA,NA,NA,NA,NA
"RESERVA PARTICULAR DO PATRIMÔNIO NATURAL SÍTIO TAGUAÍBA II",0,NA,NA,NA,NA,NA,NA,NA,NA,NA
"RESERVA PARTICULAR DO PATRIMÔNIO NATURAL TOCA DA PACA",0,NA,NA,NA,NA,NA,NA,NA,NA,NA
"RESERVA PARTICULAR DO PATRIMÔNIO NATURAL TOQUE TOQUE PEQUENO",0,NA,NA,NA,NA,NA,NA,NA,NA,NA
"RESERVA PARTICULAR DO PATRIMÔNIO NATURAL TRANSBAÚ I",9,7,7,5,1,0,0,0,7,0
"RESERVA PARTICULAR DO PATRIMÔNIO NATURAL TRÁPAGA",2,2,2,2,2,0,0,2,0,0
"RESERVA PARTICULAR DO PATRIMÔNIO NATURAL TRAVESSIA",3,3,3,3,3,1,0,1,1,0
"RESERVA PARTICULAR DO PATRIMÔNIO NATURAL TRILHA COROADOS - FB",0,NA,NA,NA,NA,NA,NA,NA,NA,NA
"RESERVA PARTICULAR DO PATRIMÔNIO NATURAL TRILHAS DO CERRADO",0,NA,NA,NA,NA,NA,NA,NA,NA,NA
"RESERVA PARTICULAR DO PATRIMÔNIO NATURAL VALE DO CORISCO",0,NA,NA,NA,NA,NA,NA,NA,NA,NA
"RESERVA PARTICULAR DO PATRIMÔNIO NATURAL VALE VERDEJANTE",0,NA,NA,NA,NA,NA,NA,NA,NA,NA
"RESERVA PARTICULAR DO PATRIMÔNIO NATURAL VIDA EM ABUNDÂNCIA",0,NA,NA,NA,NA,NA,NA,NA,NA,NA
"RESERVA PARTICULAR DO PATRIMÔNIO NATURAL VISTA BONITA",0,NA,NA,NA,NA,NA,NA,NA,NA,NA
"RESERVA PARTICULAR DO PATRIMÔNIO NATURAL VOTURUNA",0,NA,NA,NA,NA,NA,NA,NA,NA,NA
"RESERVA PARTICULAR DO PATRIMÔNIO NATURAL VOTURUNA II",0,NA,NA,NA,NA,NA,NA,NA,NA,NA
"RESERVA PARTICULAR DO PATRIMÔNIO NATURAL VOTURUNA V",0,NA,NA,NA,NA,NA,NA,NA,NA,NA
"RESERVA PARTICULAR DO PATRIMÔNIO NATURAL VUTURUSSU",0,NA,NA,NA,NA,NA,NA,NA,NA,NA
